customer_first,customer_last
Joice,Belford
Lise,Eles
Sigvard,Hammett
Sarine,Bergstrand
Therine,Colnett
Wilt,Giaomozzo
Hertha,Glendining
Flinn,Crowcher
Damara,Whieldon
Lucien,Playdon
Maximilianus,Kasparski
Koo,Noen
Jayme,Heberden
Fernande,Kincade
Brian,Bake
Roma,Ingraham
Hannis,Ruttgers
Loralie,Rois
Emily,Duffree
Briny,Dalziell
Jong,Cosgreave
Giraud,Bachmann
Thorsten,Lamplugh
Barclay,Jentle
Melamie,Feighry
Caye,Treher
Lynda,Broadfield
Ashly,Earnshaw
Annice,Agney
Merissa,Strelitzki
Jordain,Ceresa
Frans,Fleckney
Thatcher,Roubay
Kurtis,Gallie
Gordon,Walwood
Hashim,Daouze
Pooh,Bedburrow
Cullen,Guirau
Chiarra,Vail
Maximilianus,Pettifor
Rowan,Brumhead
Shannah,Ramsell
Alistair,Sweetman
Elicia,Heymann
Salim,Strutt
Rolf,Bellamy
Bridie,Ruddock
Jammie,Swindles
Tait,Armes
Fax,Geraudel
Elizabet,Meininger
Erasmus,Tighe
Kacy,Seeman
Rawley,Cridge
Laryssa,Blankley
Siegfried,Daymont
Gertruda,Friedenbach
Willdon,Eldered
Bethany,Koene
Winny,Sheather
Hulda,McEwan
Benjamin,Court
Anissa,Truman
Oliy,O'Kenny
Liv,"Egle of Germany"
Keelby,Hargey
Rachel,Goudie
Husain,Scheu
Ogdon,Southworth
Chue,Tibbles
Abby,Hanssmann
Lotte,Peace
Maggi,Ludlow
Flore,Wiltshear
